발생년,발생년월일시,주야,요일,사망자수,사상자수,중상자수,경상자수,부상신고자수,발생지시도,발생지시군구,사고유형_대분류,사고유형_중분류,사고유형,법규위반,도로형태_대분류,도로형태,가해자_당사자종별,피해자_당사자종별,발생위치X_UTMK,발생위치Y_UTMK,경도,위도
2015,20150508,주,금,1,1,0,0,0,서울,성북구,차대차,측면충돌,측면충돌,안전거리 미확보,단일로,기타단일로,원동기장치자전거,중형,958978.0,1955332.0,127.03530079999999,37.59648316
2015,20150509,주,토,1,1,0,0,0,서울,강서구,차대사람,횡단중,횡단중,보행자 보호의무 위반,교차로,교차로부근,중형,보행자,942027.0,1951298.0,126.84360819999999,37.5592127
2015,20150509,주,토,1,1,0,0,0,서울,중랑구,차량단독,공작물충돌,공작물충돌,안전운전 의무 불이행,단일로,터널안,소형,없음,964169.0,1953531.0,127.09419140000001,37.58046707
2015,20150510,주,일,1,1,0,0,0,서울,구로구,차대사람,기타,기타,안전운전 의무 불이행,단일로,기타단일로,대형,보행자,946372.0,1942334.0,126.8934557,37.47868225
2015,20150510,주,일,1,1,0,0,0,서울,노원구,차량단독,기타,기타,안전운전 의무 불이행,단일로,지하차도(도로)내,자전거,없음,961392.0,1957405.0,127.06253659999999,37.61527211
2015,20150511,주,월,1,1,0,0,0,서울,도봉구,차대사람,기타,기타,안전운전 의무 불이행,교차로,교차로부근,중형,보행자,958444.0,1962708.0,127.02883229999999,37.66294028
2015,20150512,야,화,1,2,0,1,0,서울,마포구,차량단독,공작물충돌,공작물충돌,안전운전 의무 불이행,단일로,기타단일로,대형,없음,948960.0,1949506.0,126.922227,37.54347148
2015,20150512,야,화,1,1,0,0,0,서울,금천구,차대사람,횡단중,횡단중,안전운전 의무 불이행,단일로,기타단일로,중형,보행자,947188.0,1937481.0,126.9030321,37.434988
2015,20150513,야,수,1,1,0,0,0,서울,관악구,차대사람,기타,기타,안전운전 의무 불이행,단일로,기타단일로,대형,보행자,951489.0,1943167.0,126.9512726,37.48647322
2015,20150516,야,토,1,1,0,0,0,서울,광진구,차대사람,횡단중,횡단중,보행자 보호의무 위반,교차로,교차로부근,중형,보행자,963521.0,1951636.0,127.0869469,37.56336137
2015,20150516,주,토,1,1,0,0,0,서울,중랑구,차량단독,공작물충돌,공작물충돌,안전운전 의무 불이행,단일로,기타단일로,원동기장치자전거,없음,964157.0,1953940.0,127.0940355,37.58415305
2015,20150520,야,수,1,1,0,0,0,서울,성북구,차대사람,횡단중,횡단중,안전운전 의무 불이행,단일로,기타단일로,대형,보행자,957827.7,1955985.2,127.02223300000001,37.60231856
2015,20150521,야,목,1,1,0,0,0,서울,서대문구,차대사람,보도통행중,보도통행중,보행자 보호의무 위반,교차로,교차로내,중형,보행자,948200.0,1953838.0,126.91331809999998,37.58247381
2015,20150521,주,목,1,1,0,0,0,서울,송파구,차대사람,횡단중,횡단중,안전운전 의무 불이행,단일로,횡단보도상,대형,보행자,966098.0,1944032.0,127.11647690000001,37.49492181
2015,20150521,주,목,1,1,0,0,0,서울,구로구,차대차,측면충돌,측면충돌,안전운전 의무 불이행,단일로,횡단보도상,자전거,중형,945993.0,1944967.0,126.888976,37.50239183
2015,20150521,주,목,1,2,1,0,0,서울,노원구,차량단독,공작물충돌,공작물충돌,안전운전 의무 불이행,단일로,기타단일로,중형,없음,964289.7,1958627.2,127.0953096,37.62640526
2015,20150522,주,금,1,1,0,0,0,서울,성북구,차대사람,횡단중,횡단중,안전운전 의무 불이행,단일로,기타단일로,대형,보행자,957066.0,1957004.0,127.0135442,37.61146594
2015,20150524,야,일,1,2,0,1,0,서울,노원구,차대차,측면충돌,측면충돌,중앙선 침범,교차로,교차로내,대형,대형,960516.0,1958611.0,127.0525459,37.62610482
2015,20150525,야,월,1,2,0,0,1,서울,마포구,차대차,기타,기타,중앙선 침범,단일로,기타단일로,중형,중형,950102.0,1950693.0,126.9350731,37.55423264
2015,20150526,주,화,1,1,0,0,0,서울,강동구,차대사람,기타,기타,안전운전 의무 불이행,단일로,기타단일로,중형,보행자,970841.0,1949619.0,127.1699104,37.54544216
2015,20150526,야,화,1,2,0,1,0,서울,동작구,차대차,측면충돌,측면충돌,신호위반,교차로,교차로내,중형,소형,950892.0,1945244.0,126.9443813,37.50516219
2015,20150526,야,화,1,1,0,0,0,서울,구로구,차대사람,차도통행중,차도통행중,안전운전 의무 불이행,단일로,기타단일로,대형,보행자,946297.0,1942355.0,126.8926059,37.47886717
2015,20150527,주,수,1,1,0,0,0,서울,양천구,차량단독,전도전복,전도전복,안전운전 의무 불이행,단일로,기타단일로,원동기장치자전거,없음,945003.0,1946553.0,126.87765729999998,37.51662818
2015,20150528,주,목,1,1,0,0,0,서울,성북구,차대사람,횡단중,횡단중,안전운전 의무 불이행,단일로,기타단일로,중형,보행자,957066.0,1955976.0,127.0136045,37.60220039
2015,20150531,주,일,1,2,0,0,1,서울,중랑구,차대차,추돌,주정차중 추돌,안전운전 의무 불이행,단일로,기타단일로,소형,소형,962196.0,1955461.0,127.07174690000001,37.59778377
2015,20150531,주,일,1,1,0,0,0,서울,강동구,차대사람,횡단중,횡단중,보행자 보호의무 위반,교차로,교차로부근,대형,보행자,966935.0,1949629.0,127.12569350000001,37.54540041
2015,20150603,야,수,1,1,0,0,0,서울,관악구,차대차,기타,기타,신호위반,교차로,교차로내,원동기장치자전거,경형,950194.0,1941433.0,126.93674229999999,37.47077529
2015,20150604,주,목,1,1,0,0,0,서울,양천구,차대차,측면충돌,측면충돌,직진 및 우회전차의 통행방해,교차로,교차로내,자전거,중형,944267.0,1948781.0,126.8691601,37.53666514
2015,20150605,주,금,1,1,0,0,0,서울,성북구,차대사람,기타,기타,기타(운전자법규위반),단일로,기타단일로,소형,보행자,957575.0,1955136.0,127.01941950000001,37.59465293
2015,20150606,야,토,1,1,0,0,0,서울,광진구,차대사람,횡단중,횡단중,안전운전 의무 불이행,단일로,기타단일로,중형,보행자,961760.0,1948568.0,127.06716750000001,37.53563702
2015,20150606,주,토,1,2,1,0,0,서울,중랑구,차대차,측면충돌,측면충돌,신호위반,교차로,교차로내,소형,소형,964355.0,1956848.0,127.0961364,37.6103714
2015,20150607,야,일,1,1,0,0,0,서울,도봉구,차대사람,횡단중,횡단중,안전운전 의무 불이행,단일로,기타단일로,중형,보행자,959389.0,1961443.0,127.03961699999999,37.65158097
2015,20150607,야,일,1,1,0,0,0,서울,도봉구,차량단독,공작물충돌,공작물충돌,안전운전 의무 불이행,교차로,교차로부근,소형,없음,960673.0,1960440.0,127.05422649999998,37.64259667
2015,20150608,야,월,1,1,0,0,0,서울,동작구,차량단독,공작물충돌,공작물충돌,안전운전 의무 불이행,단일로,기타단일로,소형,없음,951020.0,1945228.0,126.9458305,37.50502478
2015,20150608,야,월,1,1,0,0,0,서울,양천구,차량단독,기타,기타,안전운전 의무 불이행,단일로,기타단일로,자전거,없음,940435.0,1948675.0,126.82579709999999,37.5354701
2015,20150608,주,월,1,1,0,0,0,서울,도봉구,차대사람,차도통행중,차도통행중,부당한 회전,교차로,교차로내,중형,보행자,959899.0,1963616.0,127.04527890000001,37.67118894
2015,20150611,야,목,1,1,0,0,0,서울,송파구,차대사람,횡단중,횡단중,과속,단일로,횡단보도상,중형,보행자,966624.0,1946172.0,127.1223301,37.51422979
2015,20150611,야,목,1,1,0,0,0,서울,양천구,차대차,기타,기타,신호위반,단일로,기타단일로,자전거,중형,943810.8,1948039.0,126.8640535,37.52994975
2015,20150612,야,금,1,1,0,0,0,서울,영등포구,차대사람,횡단중,횡단중,안전운전 의무 불이행,교차로,교차로부근,중형,보행자,946763.0,1943328.0,126.8978058,37.48766398
2015,20150615,주,월,1,1,0,0,0,서울,중랑구,차대사람,횡단중,횡단중,안전운전 의무 불이행,단일로,기타단일로,소형,보행자,964086.0,1955088.0,127.0931751,37.59449755
2015,20150615,주,월,1,1,0,0,0,서울,은평구,차대사람,차도통행중,차도통행중,안전운전 의무 불이행,단일로,기타단일로,건설기계,보행자,946479.0,1953905.0,126.8938223,37.582979200000004
2015,20150617,주,수,1,2,1,0,0,서울,은평구,차대차,측면충돌,측면충돌,차로위반(진로변경 위반),단일로,기타단일로,소형,대형,945828.0,1954435.0,126.8864103,37.58771801
2015,20150619,주,금,1,1,0,0,0,서울,용산구,차대차,측면충돌,측면충돌,신호위반,교차로,교차로내,자전거,중형,953359.0,1949578.0,126.97201709999999,37.54435358
2015,20150620,야,토,1,1,0,0,0,서울,동작구,차대사람,차도통행중,차도통행중,안전운전 의무 불이행,교차로,교차로내,대형,보행자,951054.0,1945196.0,126.9462173,37.50473816
2015,20150622,야,월,1,1,0,0,0,서울,동대문구,차대차,정면충돌,정면충돌,신호위반,단일로,기타단일로,중형,대형,961597.0,1951520.0,127.06516809999998,37.562237599999996
2015,20150622,야,월,1,1,0,0,0,서울,금천구,차대사람,기타,기타,안전운전 의무 불이행,교차로,교차로내,중형,보행자,947389.0,1940122.0,126.9051156,37.45880347
2015,20150624,야,수,1,1,0,0,0,서울,서초구,차량단독,기타,기타,안전운전 의무 불이행,단일로,기타단일로,중형,없음,957835.0,1943711.0,127.0230211,37.49168808
2015,20150625,야,목,1,1,0,0,0,서울,양천구,차량단독,공작물충돌,공작물충돌,안전운전 의무 불이행,단일로,기타단일로,소형,없음,944671.0,1947994.0,126.87379209999999,37.52959619
2015,20150625,주,목,1,1,0,0,0,서울,강북구,차대차,기타,기타,안전운전 의무 불이행,단일로,기타단일로,원동기장치자전거,자전거,958826.9,1959696.6,127.0333434,37.63581537
2015,20150625,야,목,1,1,0,0,0,서울,강동구,차대사람,횡단중,횡단중,안전운전 의무 불이행,단일로,기타단일로,대형,보행자,970834.0,1949615.0,127.16983130000001,37.54540588
2015,20150625,야,목,1,1,0,0,0,서울,영등포구,차대사람,기타,기타,안전운전 의무 불이행,교차로,교차로부근,중형,보행자,946073.0,1947035.0,126.88972930000001,37.52103568
2015,20150629,야,월,1,2,1,0,0,서울,은평구,차대차,측면충돌,측면충돌,신호위반,교차로,교차로내,소형,소형,945884.0,1954363.0,126.88704990000001,37.58707236
2015,20150629,야,월,1,1,0,0,0,서울,송파구,차대사람,횡단중,횡단중,안전운전 의무 불이행,단일로,횡단보도상,대형,보행자,966622.0,1943040.0,127.12244960000001,37.48599953
2015,20150702,주,목,1,1,0,0,0,서울,서초구,차대사람,기타,기타,보행자 보호의무 위반,교차로,교차로부근,중형,보행자,957650.0,1943563.0,127.0209369,37.49034563
2015,20150703,야,금,1,4,2,1,0,서울,은평구,차대차,추돌,진행중 추돌,안전운전 의무 불이행,교차로,교차로내,중형,중형,945475.0,1954807.0,126.8823845,37.59104999
2015,20150704,야,토,1,1,0,0,0,서울,동대문구,차대사람,기타,기타,안전운전 의무 불이행,단일로,기타단일로,대형,보행자,961498.0,1951611.0,127.0640423,37.56305367
2015,20150704,야,토,1,1,0,0,0,서울,송파구,차대차,기타,기타,안전운전 의무 불이행,단일로,기타단일로,대형,자전거,964408.0,1945247.0,127.0973,37.50580953
2015,20150707,야,화,1,1,0,0,0,서울,성북구,차대차,측면충돌,측면충돌,중앙선 침범,단일로,기타단일로,불명,중형,956245.0,1954374.0,127.0043996,37.58772257
2015,20150707,야,화,1,1,0,0,0,서울,은평구,차대사람,횡단중,횡단중,안전운전 의무 불이행,단일로,기타단일로,중형,보행자,947349.9,1953583.2,126.9037088,37.58012904
2015,20150710,야,금,1,2,0,1,0,서울,용산구,차대차,측면충돌,측면충돌,기타(운전자법규위반),단일로,기타단일로,중형,중형,952600.0,1947400.0,126.96356609999998,37.52468406
2015,20150710,주,금,1,1,0,0,0,서울,종로구,차대사람,보도통행중,보도통행중,안전운전 의무 불이행,단일로,횡단보도상,대형,보행자,953771.0,1952704.0,126.9764837,37.5725496
2015,20150710,야,금,1,1,0,0,0,서울,서대문구,차량단독,공작물충돌,공작물충돌,안전운전 의무 불이행,단일로,기타단일로,중형,없음,951511.0,1953693.0,126.95082620000001,37.58134733
2015,20150711,야,토,1,1,0,0,0,서울,양천구,차량단독,공작물충돌,공작물충돌,안전운전 의무 불이행,단일로,기타단일로,중형,없음,942224.0,1947134.0,126.84616640000002,37.52169488
2015,20150712,야,일,1,2,0,0,1,서울,강동구,차대차,기타,기타,안전운전 의무 불이행,단일로,기타단일로,대형,대형,970930.1,1951972.5,127.1708257,37.56665808
2015,20150712,야,일,1,1,0,0,0,서울,성동구,차대사람,횡단중,횡단중,안전운전 의무 불이행,단일로,기타단일로,중형,보행자,958573.0,1951701.0,127.0309185,37.56373793
2015,20150713,주,월,1,1,0,0,0,서울,서초구,차대차,측면충돌,측면충돌,직진 및 우회전차의 통행방해,교차로,교차로내,중형,중형,954755.0,1943672.0,126.9881832,37.49119076
2015,20150713,야,월,1,3,0,2,0,서울,광진구,차대차,추돌,진행중 추돌,안전운전 의무 불이행,단일로,기타단일로,대형,소형,965345.0,1949523.0,127.1076996,37.54438656
2015,20150713,야,월,1,1,0,0,0,서울,강동구,차대사람,기타,기타,안전운전 의무 불이행,단일로,기타단일로,소형,보행자,971154.0,1949902.0,127.17344240000001,37.54800281
2015,20150717,주,금,1,2,0,1,0,서울,강동구,차대차,정면충돌,정면충돌,중앙선 침범,단일로,기타단일로,소형,중형,970430.0,1950351.0,127.16522830000001,37.55202689
2015,20150720,야,월,1,1,0,0,0,서울,종로구,차대사람,횡단중,횡단중,안전운전 의무 불이행,단일로,횡단보도상,중형,보행자,954914.0,1952442.0,126.9894432,37.57024484
2015,20150721,야,화,1,1,0,0,0,서울,영등포구,차대사람,횡단중,횡단중,신호위반,단일로,기타단일로,중형,보행자,946688.0,1948510.0,126.89658159999999,37.53436579
2015,20150722,주,수,1,1,0,0,0,서울,광진구,차대차,측면충돌,측면충돌,안전운전 의무 불이행,교차로,교차로내,중형,자전거,962642.0,1951071.0,127.077023,37.5582336
2015,20150724,야,금,1,1,0,0,0,서울,용산구,차대사람,기타,기타,안전운전 의무 불이행,단일로,기타단일로,소형,보행자,956429.0,1948179.0,127.00685179999999,37.53189428
2015,20150724,야,금,1,1,0,0,0,서울,중랑구,차대사람,횡단중,횡단중,안전운전 의무 불이행,단일로,횡단보도상,중형,보행자,962707.0,1957062.0,127.0774538,37.61223486
2015,20150725,야,토,1,1,0,0,0,서울,광진구,차대사람,횡단중,횡단중,안전운전 의무 불이행,단일로,횡단보도부근,소형,보행자,963155.0,1951778.0,127.08279569999999,37.56462669
2015,20150725,주,토,1,4,1,1,1,서울,마포구,차량단독,전도전복,전도전복,안전운전 의무 불이행,단일로,기타단일로,중형,없음,945097.0,1953492.0,126.87820159999998,37.57917541
2015,20150725,야,토,1,2,1,0,0,서울,마포구,차대차,측면충돌,측면충돌,안전운전 의무 불이행,교차로,교차로내,소형,중형,948931.0,1951731.0,126.9217438,37.56352408
2015,20150727,주,월,1,2,0,1,0,서울,성북구,차대차,측면충돌,측면충돌,안전운전 의무 불이행,단일로,기타단일로,중형,중형,959028.5,1955160.6,127.0358825,37.59494054
2015,20150729,주,수,1,1,0,0,0,서울,강북구,차대사람,기타,기타,안전운전 의무 불이행,단일로,기타단일로,소형,보행자,958858.0,1957291.0,127.0338313,37.61413467
2015,20150801,주,토,1,1,0,0,0,서울,중랑구,차량단독,기타,기타,안전운전 의무 불이행,단일로,터널안,중형,없음,964163.0,1953530.0,127.09412350000001,37.58045782
2015,20150804,야,화,1,1,0,0,0,서울,용산구,차대사람,기타,기타,안전운전 의무 불이행,단일로,횡단보도상,중형,보행자,953323.5,1950141.9,126.9715794,37.54943433
2015,20150805,야,수,1,1,0,0,0,서울,강동구,차대차,측면충돌,측면충돌,신호위반,교차로,교차로내,소형,중형,971166.0,1949775.0,127.17358329999999,37.54685848
2015,20150806,주,목,1,3,1,1,0,서울,금천구,차대사람,기타,기타,기타(운전자법규위반),기타/불명,기타/불명,중형,보행자,945642.0,1940218.0,126.8853558,37.45956766
2015,20150806,야,목,1,1,0,0,0,서울,성동구,차량단독,공작물충돌,공작물충돌,안전운전 의무 불이행,단일로,지하차도(도로)내,중형,없음,959932.0,1952508.0,127.04626200000001,37.57107178
2015,20150810,주,월,1,1,0,0,0,서울,성동구,차량단독,공작물충돌,공작물충돌,안전운전 의무 불이행,단일로,기타단일로,소형,없음,960135.0,1952375.0,127.04856799999999,37.56988183
2015,20150816,야,일,1,1,0,0,0,서울,강동구,차대사람,횡단중,횡단중,안전운전 의무 불이행,단일로,기타단일로,경형,보행자,967189.0,1950468.0,127.1285313,37.55297173
2015,20150817,야,월,1,1,0,0,0,서울,관악구,차대사람,횡단중,횡단중,과속,단일로,기타단일로,중형,보행자,951093.0,1942654.0,126.9468275,37.48182853
2015,20150819,야,수,1,3,1,1,0,서울,동작구,차대차,정면충돌,정면충돌,중앙선 침범,단일로,기타단일로,소형,대형,950346.3,1945159.0,126.9382131,37.50436686
2015,20150819,주,수,1,1,0,0,0,서울,성동구,차대사람,횡단중,횡단중,안전운전 의무 불이행,교차로,교차로부근,소형,보행자,958014.0,1951017.0,127.0246283,37.55754754
2015,20150821,야,금,1,3,0,0,2,서울,송파구,차대차,추돌,주정차중 추돌,안전운전 의무 불이행,단일로,기타단일로,대형,경형,967931.0,1943482.0,127.1372366,37.49002988
2015,20150821,주,금,1,1,0,0,0,서울,강남구,차량단독,공작물충돌,공작물충돌,안전운전 의무 불이행,단일로,기타단일로,중형,없음,965179.0,1941957.0,127.10617890000002,37.47618464
2015,20150822,야,토,1,2,0,1,0,서울,종로구,차대사람,기타,기타,안전운전 의무 불이행,단일로,기타단일로,중형,보행자,954914.0,1952457.0,126.9894423,37.57038003
2015,20150822,야,토,1,1,0,0,0,서울,강서구,차대사람,기타,기타,신호위반,단일로,기타단일로,대형,보행자,940556.0,1950700.0,126.82700249999999,37.55372919
2015,20150822,주,토,1,1,0,0,0,서울,은평구,차대사람,횡단중,횡단중,안전운전 의무 불이행,단일로,기타단일로,중형,보행자,948438.0,1954280.0,126.9159824,37.58647095
2015,20150822,야,토,1,1,0,0,0,서울,영등포구,차대사람,횡단중,횡단중,안전운전 의무 불이행,단일로,기타단일로,중형,보행자,948422.0,1946679.0,126.9163357,37.51796135
2015,20150823,야,일,1,1,0,0,0,서울,송파구,차대사람,횡단중,횡단중,안전운전 의무 불이행,단일로,기타단일로,중형,보행자,964919.0,1944574.0,127.1031136,37.49976305
2015,20150824,주,월,1,1,0,0,0,서울,중구,차대사람,기타,기타,안전운전 의무 불이행,교차로,교차로부근,중형,보행자,955660.0,1952258.0,126.9979018,37.56862263
2015,20150825,야,화,1,2,0,1,0,서울,광진구,차대사람,기타,기타,과속,단일로,기타단일로,중형,보행자,962889.0,1952401.0,127.07975220000002,37.57023131
2015,20150825,야,화,1,2,1,0,0,서울,서초구,차대차,추돌,주정차중 추돌,안전운전 의무 불이행,단일로,기타단일로,중형,대형,959784.8,1939952.8,127.04528229999998,37.45790083
2015,20150826,야,수,1,1,0,0,0,서울,강서구,차대차,기타,기타,신호위반,교차로,교차로내,자전거,중형,940479.0,1950704.0,126.82613049999999,37.55376027
2015,20150830,야,일,1,1,0,0,0,서울,송파구,차대차,측면충돌,측면충돌,신호위반,교차로,교차로내,대형,중형,963797.0,1945454.0,127.09037690000001,37.50765154
2015,20150831,주,월,1,4,2,0,1,서울,강남구,차대차,기타,기타,안전운전 의무 불이행,단일로,기타단일로,소형,중형,966029.0,1940808.0,127.11584509999999,37.46585977
2015,20150901,야,화,1,1,0,0,0,서울,강북구,차대사람,횡단중,횡단중,신호위반,교차로,교차로내,원동기장치자전거,보행자,957478.0,1958994.0,127.01809640000002,37.62942128
2015,20150901,주,화,1,1,0,0,0,서울,서대문구,차대차,기타,기타,차로위반(진로변경 위반),단일로,기타단일로,원동기장치자전거,대형,948409.0,1952322.0,126.9157919,37.56882172
2015,20150901,야,화,1,1,0,0,0,서울,용산구,차대사람,횡단중,횡단중,안전운전 의무 불이행,단일로,횡단보도상,중형,보행자,953225.0,1948205.0,126.9705878,37.53197163
2015,20150903,야,목,1,1,0,0,0,서울,용산구,차대사람,기타,기타,안전운전 의무 불이행,단일로,기타단일로,중형,보행자,952879.0,1948447.0,126.96665630000001,37.53413521
2015,20150905,야,토,1,1,0,0,0,서울,중구,차대사람,횡단중,횡단중,안전운전 의무 불이행,교차로,교차로부근,중형,보행자,954620.0,1951987.0,126.9861422,37.56612938
2015,20150905,주,토,1,1,0,0,0,서울,성북구,차량단독,전도전복,전도전복,안전운전 의무 불이행,단일로,기타단일로,자전거,없음,962119.0,1957219.0,127.07078359999998,37.61362589
2015,20150906,야,일,1,3,1,1,0,서울,마포구,차대사람,횡단중,횡단중,안전운전 의무 불이행,단일로,기타단일로,원동기장치자전거,보행자,952505.0,1950379.0,126.9622982,37.55152953
2015,20150906,주,일,1,1,0,0,0,서울,광진구,차대차,기타,기타,신호위반,교차로,교차로내,중형,원동기장치자전거,963519.0,1951647.0,127.0869237,37.56346044
2015,20150908,야,화,1,1,0,0,0,서울,성북구,차량단독,공작물충돌,공작물충돌,안전운전 의무 불이행,단일로,기타단일로,중형,없음,956076.0,1956560.0,127.00235420000001,37.60741732
2015,20150910,주,목,1,1,0,0,0,서울,노원구,차대차,기타,기타,안전운전 의무 불이행,교차로,교차로내,자전거,중형,962215.0,1962233.0,127.0716119,37.65882206
2015,20150911,야,금,1,2,0,1,0,서울,도봉구,차대사람,횡단중,횡단중,안전운전 의무 불이행,단일로,횡단보도상,원동기장치자전거,보행자,959798.0,1963808.0,127.0441231,37.67291503
2015,20150912,야,토,1,6,2,3,0,서울,강북구,차대차,측면충돌,측면충돌,신호위반,교차로,교차로내,중형,소형,958514.0,1957619.0,127.02991509999998,37.61707553
2015,20150912,야,토,1,1,0,0,0,서울,노원구,차량단독,전도전복,전도전복,안전운전 의무 불이행,단일로,기타단일로,자전거,없음,961501.0,1959358.0,127.0636687,37.63287949
2015,20150912,야,토,1,1,0,0,0,서울,강동구,차대사람,기타,기타,과속,단일로,기타단일로,소형,보행자,966316.0,1949137.0,127.11870890000002,37.5409434
2015,20150913,야,일,1,1,0,0,0,서울,용산구,차량단독,전도전복,전도전복,안전운전 의무 불이행,단일로,터널안,원동기장치자전거,없음,955278.0,1950681.0,126.99367240000002,37.55439031
2015,20150913,주,일,1,1,0,0,0,서울,중랑구,차대차,측면충돌,측면충돌,교차로 통행방법 위반,교차로,교차로내,원동기장치자전거,소형,963630.0,1957804.0,127.0878747,37.61895967
2015,20150918,야,금,1,2,0,1,0,서울,영등포구,차대차,추돌,진행중 추돌,안전운전 의무 불이행,단일로,기타단일로,중형,중형,947514.0,1947514.0,126.90600149999999,37.52543611
2015,20150919,야,토,1,2,1,0,0,서울,서대문구,차대차,기타,기타,안전운전 의무 불이행,교차로,교차로내,중형,원동기장치자전거,949748.0,1952090.0,126.93096969999999,37.56680473
2015,20150919,주,토,1,1,0,0,0,서울,강서구,차대사람,횡단중,횡단중,신호위반,단일로,횡단보도상,소형,보행자,943469.0,1948268.0,126.8601676,37.53199285
2015,20150920,주,일,1,1,0,0,0,서울,영등포구,차대사람,차도통행중,차도통행중,안전운전 의무 불이행,단일로,기타단일로,소형,보행자,947602.0,1945735.0,126.9071243,37.50940671
2015,20150921,야,월,1,3,2,0,0,서울,송파구,차대차,측면충돌,측면충돌,신호위반,교차로,교차로내,중형,중형,965542.0,1944821.0,127.1101502,37.50201284
2015,20150921,주,월,1,1,0,0,0,서울,동작구,차량단독,공작물충돌,공작물충돌,안전운전 의무 불이행,단일로,기타단일로,중형,없음,952844.0,1943299.0,126.96659040000002,37.48773317
2015,20150921,주,월,1,1,0,0,0,서울,강서구,차대사람,차도통행중,차도통행중,안전운전 의무 불이행,단일로,기타단일로,중형,보행자,942488.0,1948443.0,126.8490513,37.53350945